Workbook

Sheet Lookups
B1: Listas (para validación de datos)
A3: ID Req | B3: Nivel de Prueba | C3: ID CA | D3: Tipo de Prueba | E3: Prueba | F3: Estado Caso | H3: Severidad Defecto | J3: Prioridad | L3: Riesgo | N3: Sprint
A4: REF01 | B4: Sistema | C4: CA01 | D4: Configuración / Seguridad | E4: Verificar que el ID de cuenta viene cargado, es visible y no editable | F4: Not Run | H4: N/A | N4: Sprint 1
A5: REF02 | B5: Sistema | C5: CA02 | D5: Configuración | E5: Iniciar el sistema y validar que el ID de sede se carga automáticamente | F5: Not Run | H5: N/A | N5: Sprint 1
A6: REF03 | B6: Unitaria | C6: CA03 | D6: Autenticación | E6: Probar login con credenciales válidas e inválidas del admin | F6: Not Run | H6: N/A | N6: Sprint 1
A7: REF04 | B7: Unitaria | C7: CA04 | D7: Seguridad | E7: Intentar acceder a módulos sin iniciar sesión | F7: Not Run | H7: N/A | N7: Sprint 1
A8: REF04 | B8: Unitaria | C8: CA06 | D8: Funcional | E8: Iniciar sesión y validar permisos | F8: Not Run | H8: N/A | N8: Sprint 1
A9: REF04 | B9: Unitaria | C9: CA07 | D9: Seguridad | E9: Ingresar usuario/clave incorrectos | F9: Not Run | H9: N/A | N9: Sprint 1
A10: REF05 | B10: Unitaria | C10: CA08 | D10: Funcional / CRUD | E10: Crear trabajador válido y verificar aparición en lista | F10: Not Run | H10: N/A | N10: Sprint 1
A11: REF06 | B11: Unitaria | C11: CA09 | D11: Funcional | E11: Listar trabajadores activos en páginas de 10 | F11: Not Run | H11: N/A | N11: Sprint 1
A12: REF06 | B12: Unitaria | C12: CA10 | D12: UI / Funcional | E12: Seleccionar trabajador y validar popup | F12: Not Run | H12: N/A | N12: Sprint 1
A13: REF06 | B13: Unitaria | C13: CA11 | D13: Seguridad | E13: Validar que no se muestra contraseña | F13: Not Run | H13: N/A | N13: Sprint 1
A14: REF07 | B14: Unitaria | C14: CA12 | D14: Validación | E14: Intentar modificar ID | F14: Not Run | H14: N/A | N14: Sprint 1
A15: REF07 | B15: Unitaria | C15: CA13 | D15: Validación | E15: Enviar datos con tipos incorrectos | F15: Not Run | H15: N/A | N15: Sprint 1
... A23: REF11 | B23: Unitaria | C23: CA21 | D23: Funcional | E23: Modificar caja válida | F23: Not Run | H23: N/A | N23: Sprint 1

Sheet RTM
A1: HU | B1: RF/RNF | C1: Descripción Requerimiento | D1: Escenario | E1: Condición de Prueba | F1: Caso de Prueba | G1: Nivel | H1: Tipo | I1: Prioridad | J1: Riesgo | K1: Sprint | L1: Automatizable | M1: Estado | N1: Defecto | O1: Severidad | P1: Versión Probada | Q1: Entorno | R1: Fecha Ejecución | S1: Notas | T1: Cobertura Req (%)
A2: HU01 | B2: RF01 | C2: Registro de usuario | D2: ESC01 | E2: COND01 | F2: CP-001 | G2: Sistema | H2: Funcional | I2: Alta | J2: Alto | K2: Sprint 1 | L2: Sí | M2: Pass | O2: N/A | P2: v1.2.0 | Q2: QA | R2: 2026-02-05 | S2: Registro con datos válidos | T2: =IFERROR(ROUND(COUNTIFS($B:$B,$B2,$M:$M,"Pass")/MAX(1,COUNTIFS($B:$B,$B2,$M:$M,"<>Not Run",$M:$M,"<>")),2),0) -> 0.5
A3: HU01 | B3: RF01 | C3: Registro de usuario | D3: ESC02 | E3: COND02 | F3: CP-002 | G3: Sistema | H3: Funcional | I3: Alta | J3: Alto | K3: Sprint 1 | L3: Sí | M3: Fail | N3: BUG-001 | O3: Alta | P3: v1.2.0 | Q3: QA | R3: 2026-02-05 | S3: Email duplicado no muestra mensaje | T3: =IFERROR(ROUND(COUNTIFS($B:$B,$B3,$M:$M,"Pass")/MAX(1,COUNTIFS($B:$B,$B3,$M:$M,"<>Not Run",$M:$M,"<>")),2),0) -> 0.5
A4: HU02 | B4: RF02 | C4: Inicio de sesión | D4: ESC03 | E4: COND03 | F4: CP-003 | G4: Sistema | H4: Funcional | I4: Alta | J4: Alto | K4: Sprint 1 | L4: Sí | M4: Pass | O4: N/A | P4: v1.2.0 | Q4: QA | R4: 2026-02-06 | S4: Login válido | T4: =IFERROR(ROUND(COUNTIFS($B:$B,$B4,$M:$M,"Pass")/MAX(1,COUNTIFS($B:$B,$B4,$M:$M,"<>Not Run",$M:$M,"<>")),2),0) -> 0.5
A5: HU02 | B5: RF02 | C5: Inicio de sesión | D5: ESC04 | E5: COND04 | F5: CP-004 | G5: Sistema | H5: Seguridad | I5: Alta | J5: Alto | K5: Sprint 1 | L5: No | M5: Fail | N5: BUG-002 | O5: Crítica | P5: v1.2.0 | Q5: QA | R5: 2026-02-06 | S5: Bloqueo por intentos fallidos no funciona | T5: =IFERROR(ROUND(COUNTIFS($B:$B,$B5,$M:$M,"Pass")/MAX(1,COUNTIFS($B:$B,$B5,$M:$M,"<>Not Run",$M:$M,"<>")),2),0) -> 0.5
A6: HU03 | B6: RF03 | C6: Cerrar sesión | D6: ESC05 | E6: COND05 | F6: CP-005 | G6: Sistema | H6: Funcional | I6: Media | J6: Medio | K6: Sprint 1 | L6: Sí | M6: Pass | O6: N/A | P6: v1.2.0 | Q6: QA | R6: 2026-02-06 | S6: Cierre de sesión | T6: =IFERROR(ROUND(COUNTIFS($B:$B,$B6,$M:$M,"Pass")/MAX(1,COUNTIFS($B:$B,$B6,$M:$M,"<>Not Run",$M:$M,"<>")),2),0) -> 1
A7: HU13 | B7: RF13 | C7: Cambiar contraseña | D7: ESC06 | E7: COND06 | F7: CP-006 | G7: Sistema | H7: Funcional | I7: Media | J7: Medio | K7: Sprint 1 | L7: No | M7: Pass | O7: N/A | P7: v1.2.0 | Q7: QA | R7: 2026-02-07 | S7: Cambio contraseña válida | T7: =IFERROR(ROUND(COUNTIFS($B:$B,$B7,$M:$M,"Pass")/MAX(1,COUNTIFS($B:$B,$B7,$M:$M,"<>Not Run",$M:$M,"<>")),2),0) -> 1
A8: HU19 | B8: RF19 | C8: Eliminar cuenta | D8: ESC07 | E8: COND07 | F8: CP-007 | G8: Sistema | H8: Funcional | I8: Media | J8: Alto | K8: Sprint 1 | L8: No | M8: Blocked | O8: N/A | P8: v1.2.0 | Q8: QA | R8: 2026-02-07 | S8: Bloqueado por dependencia de servicio email | T8: =IFERROR(ROUND(COUNTIFS($B:$B,$B8,$M:$M,"Pass")/MAX(1,COUNTIFS($B:$B,$B8,$M:$M,"<>Not Run",$M:$M,"<>")),2),0) -> 0
A9: HU04 | B9: RF04 | C9: Agregar riesgos | D9: ESC08 | E9: COND08 | F9: CP-008 | G9: Sistema | H9: Funcional | I9: Alta | J9: Alto | K9: Sprint 2 | L9: Sí | M9: Pass | O9: N/A | P9: v1.3.0 | Q9: QA | R9: 2026-02-08 | S9: Agregar riesgo válido | T9: =IFERROR(ROUND(COUNTIFS($B:$B,$B9,$M:$M,"Pass")/MAX(1,COUNTIFS($B:$B,$B9,$M:$M,"<>Not Run",$M:$M,"<>")),2),0) -> 0.5
A10: HU04 | B10: RF04 | C10: Agregar riesgos | D10: ESC09 | E10: COND09 | F10: CP-009 | G10: Sistema | H10: Funcional | I10: Alta | J10: Alto | K10: Sprint 2 | L10: Sí | M10: Fail | N10: BUG-010 | O10: Media | P10: v1.3.0 | Q10: QA | R10: 2026-02-08 | S10: Validación de campo vacío falla | T10: =IFERROR(ROUND(COUNTIFS($B:$B,$B10,$M:$M,"Pass")/MAX(1,COUNTIFS($B:$B,$B10,$M:$M,"<>Not Run",$M:$M,"<>")),2),0) -> 0.5
A11: HU07 | B11: RF07 | C11: Mostrar taxonomía | D11: ESC10 | E11: COND10 | F11: CP-010 | G11: Sistema | H11: Usabilidad | I11: Media | J11: Medio | K11: Sprint 2 | L11: No | M11: Pass | O11: N/A | P11: v1.3.0 | Q11: QA | R11: 2026-02-09 | S11: Visualización correcta | T11: =IFERROR(ROUND(COUNTIFS($B:$B,$B11,$M:$M,"Pass")/MAX(1,COUNTIFS($B:$B,$B11,$M:$M,"<>Not Run",$M:$M,"<>")),2),0) -> 1
A12: HU09 | B12: RF09 | C12: Eliminar riesgos | D12: ESC11 | E12: COND11 | F12: CP-011 | G12: Integración | H12: Funcional | I12: Alta | J12: Alto | K12: Sprint 2 | L12: No | M12: Fail | N12: BUG-012 | O12: Alta | P12: v1.3.0 | Q12: QA | R12: 2026-02-09 | S12: No elimina en BD | T12: =IFERROR(ROUND(COUNTIFS($B:$B,$B12,$M:$M,"Pass")/MAX(1,COUNTIFS($B:$B,$B12,$M:$M,"<>Not Run",$M:$M,"<>")),2),0) -> 0
A13: HU20 | B13: RF20 | C13: Reiniciar taxonomía | D13: ESC12 | E13: COND12 | F13: CP-012 | G13: Sistema | H13: Regresión | I13: Alta | J13: Alto | K13: Sprint 2 | L13: Sí | M13: Pass | O13: N/A | P13: v1.3.0 | Q13: QA | R13: 2026-02-10 | S13: Reinicio exitoso | T13: =IFERROR(ROUND(COUNTIFS($B:$B,$B13,$M:$M,"Pass")/MAX(1,COUNTIFS($B:$B,$B13,$M:$M,"<>Not Run",$M:$M,"<>")),2),0) -> 1
A14: HU21 | B14: RNF1 | C14: Interfaz simple | D14: ESC13 | E14: COND13 | F14: CP-013 | G14: Sistema | H14: Usabilidad | I14: Media | J14: Medio | K14: Sprint 2 | L14: No | M14: Pass | O14: N/A | P14: v1.3.0 | Q14: QA | R14: 2026-02-10 | S14: UI simple cumple | T14: =IFERROR(ROUND(COUNTIFS($B:$B,$B14,$M:$M,"Pass")/MAX(1,COUNTIFS($B:$B,$B14,$M:$M,"<>Not Run",$M:$M,"<>")),2),0) -> 1
A15: HU22 | B15: RNF2 | C15: Interfaz oscura | D15: ESC14 | E15: COND14 | F15: CP-014 | G15: Sistema | H15: Usabilidad | I15: Media | J15: Bajo | K15: Sprint 2 | L15: No | M15: Pass | O15: N/A | P15: v1.3.0 | Q15: QA | R15: 2026-02-10 | S15: Dark mode OK | T15: =IFERROR(ROUND(COUNTIFS($B:$B,$B15,$M:$M,"Pass")/MAX(1,COUNTIFS($B:$B,$B15,$M:$M,"<>Not Run",$M:$M,"<>")),2),0) -> 1
A16: HU05 | B16: RF05 | C16: Recuperar contraseña | D16: ESC15 | E16: COND15 | F16: CP-015 | G16: Sistema | H16: Funcional | I16: Media | J16: Alto | K16: Sprint 3 | L16: No | M16: Fail | N16: BUG-020 | O16: Alta | P16: v1.4.0 | Q16: QA | R16: 2026-02-11 | S16: Correo no llega (SMTP) | T16: =IFERROR(ROUND(COUNTIFS($B:$B,$B16,$M:$M,"Pass")/MAX(1,COUNTIFS($B:$B,$B16,$M:$M,"<>Not Run",$M:$M,"<>")),2),0) -> 0
A17: HU06 | B17: RF06 | C17: Notificar reinicio | D17: ESC16 | E17: COND16 | F17: CP-016 | G17: Sistema | H17: Funcional | I17: Media | J17: Medio | K17: Sprint 3 | L17: No | M17: Pass | O17: N/A | P17: v1.4.0 | Q17: QA | R17: 2026-02-11 | S17: Notificación visible | T17: =IFERROR(ROUND(COUNTIFS($B:$B,$B17,$M:$M,"Pass")/MAX(1,COUNTIFS($B:$B,$B17,$M:$M,"<>Not Run",$M:$M,"<>")),2),0) -> 1
A18: HU08 | B18: RF08 | C18: Cambiar nombre usuario | D18: ESC17 | E18: COND17 | F18: CP-017 | G18: Sistema | H18: Funcional | I18: Alta | J18: Medio | K18: Sprint 3 | L18: Sí | M18: Pass | O18: N/A | P18: v1.4.0 | Q18: QA | R18: 2026-02-11 | S18: Cambio nombre OK | T18: =IFERROR(ROUND(COUNTIFS($B:$B,$B18,$M:$M,"Pass")/MAX(1,COUNTIFS($B:$B,$B18,$M:$M,"<>Not Run",$M:$M,"<>")),2),0) -> 1
A19: HU10 | B19: RF10 | C19: Cambiar correo | D19: ESC18 | E19: COND18 | F19: CP-018 | G19: Sistema | H19: Seguridad | I19: Alta | J19: Medio | K19: Sprint 3 | L19: No | M19: Pass | O19: N/A | P19: v1.4.0 | Q19: QA | R19: 2026-02-11 | S19: Reautenticación requerida | T19: =IFERROR(ROUND(COUNTIFS($B:$B,$B19,$M:$M,"Pass")/MAX(1,COUNTIFS($B:$B,$B19,$M:$M,"<>Not Run",$M:$M,"<>")),2),0) -> 1
A20: HU16 | B20: RF16 | C20: Guardar información | D20: ESC19 | E20: COND19 | F20: CP-019 | G20: Integración | H20: Funcional | I20: Baja | J20: Bajo | K20: Sprint 3 | L20: Sí | M20: Pass | O20: N/A | P20: v1.4.0 | Q20: QA | R20: 2026-02-11 | S20: Persistencia OK | T20: =IFERROR(ROUND(COUNTIFS($B:$B,$B20,$M:$M,"Pass")/MAX(1,COUNTIFS($B:$B,$B20,$M:$M,"<>Not Run",$M:$M,"<>")),2),0) -> 1
A21: HU16 | B21: RF16 | C21: Guardar información | D21: ESC20 | E21: COND20 | F21: CP-020 | G21: Sistema | H21: Rendimiento | I21: Baja | J21: Bajo | K21: Sprint 3 | L21: No | M21: Pass | O21: N/A | P21: v1.4.0 | Q21: QA | R21: 2026-02-11 | S21: Guardar < 2s | T21: =IFERROR(ROUND(COUNTIFS($B:$B,$B21,$M:$M,"Pass")/MAX(1,COUNTIFS($B:$B,$B21,$M:$M,"<>Not Run",$M:$M,"<>")),2),0) -> 1

Sheet Dashboard
A1: Dashboard de Pruebas (RTM)
A3: Resumen de Ejecución | D3: Cobertura por Requerimiento (Pass/Executado)
A4: Total Casos | B4: =COUNTA(RTM!F:F)-1 -> 20 | D4: Requerimiento | E4: Ejecutados | F4: Pass | G4: Cobertura
A5: Ejecutados (≠ Not Run) | B5: =COUNTIFS(RTM!M:M,"<>Not Run",RTM!M:M,"<>") -> 21 | D5: RF01 | E5: =COUNTIFS(RTM!$B:$B,D5,RTM!$M:$M,"<>Not Run",RTM!$M:$M,"<>") -> 2 | F5: =COUNTIFS(RTM!$B:$B,D5,RTM!$M:$M,"Pass") -> 1 | G5: =IFERROR(F5/MAX(1,E5),0) -> 0.5
A6: Pass | B6: =COUNTIF(RTM!M:M,"Pass") -> 14 | D6: RF02 | E6: =COUNTIFS(RTM!$B:$B,D6,RTM!$M:$M,"<>Not Run",RTM!$M:$M,"<>") -> 2 | F6: =COUNTIFS(RTM!$B:$B,D6,RTM!$M:$M,"Pass") -> 1 | G6: =IFERROR(F6/MAX(1,E6),0) -> 0.5
A7: Fail | B7: =COUNTIF(RTM!M:M,"Fail") -> 5 | D7: RF03 | E7: =COUNTIFS(RTM!$B:$B,D7,RTM!$M:$M,"<>Not Run",RTM!$M:$M,"<>") -> 1 | F7: =COUNTIFS(RTM!$B:$B,D7,RTM!$M:$M,"Pass") -> 1 | G7: =IFERROR(F7/MAX(1,E7),0) -> 1
A8: Blocked | B8: =COUNTIF(RTM!M:M,"Blocked") -> 1 | D8: RF04 | E8: =COUNTIFS(RTM!$B:$B,D8,RTM!$M:$M,"<>Not Run",RTM!$M:$M,"<>") -> 2 | F8: =COUNTIFS(RTM!$B:$B,D8,RTM!$M:$M,"Pass") -> 1 | G8: =IFERROR(F8/MAX(1,E8),0) -> 0.5
A9: % Aprobación | B9: =IFERROR(COUNTIF(RTM!M:M,"Pass")/MAX(1,COUNTIFS(RTM!M:M,"<>Not Run",RTM!M:M,"<>")),0) -> 0.66666667 | D9: RF05 | E9: =COUNTIFS(RTM!$B:$B,D9,RTM!$M:$M,"<>Not Run",RTM!$M:$M,"<>") -> 1 | F9: =COUNTIFS(RTM!$B:$B,D9,RTM!$M:$M,"Pass") -> 0 | G9: =IFERROR(F9/MAX(1,E9),0) -> 0
A10: Defectos (con ID) | B10: =COUNTIF(RTM!N:N,"<>")-1 -> 5 | D10: RF06 | E10: =COUNTIFS(RTM!$B:$B,D10,RTM!$M:$M,"<>Not Run",RTM!$M:$M,"<>") -> 1 | F10: =COUNTIFS(RTM!$B:$B,D10,RTM!$M:$M,"Pass") -> 1 | G10: =IFERROR(F10/MAX(1,E10),0) -> 1
A11: Crítica | B11: =COUNTIF(RTM!O:O,"Crítica") -> 1 | D11: RF07 | E11: =COUNTIFS(RTM!$B:$B,D11,RTM!$M:$M,"<>Not Run",RTM!$M:$M,"<>") -> 1 | F11: =COUNTIFS(RTM!$B:$B,D11,RTM!$M:$M,"Pass") -> 1 | G11: =IFERROR(F11/MAX(1,E11),0) -> 1
A12: Alta | B12: =COUNTIF(RTM!O:O,"Alta") -> 3 | D12: RF08 | E12: =COUNTIFS(RTM!$B:$B,D12,RTM!$M:$M,"<>Not Run",RTM!$M:$M,"<>") -> 1 | F12: =COUNTIFS(RTM!$B:$B,D12,RTM!$M:$M,"Pass") -> 1 | G12: =IFERROR(F12/MAX(1,E12),0) -> 1
A13: Media | B13: =COUNTIF(RTM!O:O,"Media") -> 1 | D13: RF09 | E13: =COUNTIFS(RTM!$B:$B,D13,RTM!$M:$M,"<>Not Run",RTM!$M:$M,"<>") -> 1 | F13: =COUNTIFS(RTM!$B:$B,D13,RTM!$M:$M,"Pass") -> 0 | G13: =IFERROR(F13/MAX(1,E13),0) -> 0
A14: Baja | B14: =COUNTIF(RTM!O:O,"Baja") -> 0 | D14: RF10 | E14: =COUNTIFS(RTM!$B:$B,D14,RTM!$M:$M,"<>Not Run",RTM!$M:$M,"<>") -> 1 | F14: =COUNTIFS(RTM!$B:$B,D14,RTM!$M:$M,"Pass") -> 1 | G14: =IFERROR(F14/MAX(1,E14),0) -> 1
A15: % Automatización | B15: =IFERROR(COUNTIF(RTM!L:L,"Sí")/MAX(1,COUNTA(RTM!L:L)-1),0) -> 0.45 | D15: RF13 | E15: =COUNTIFS(RTM!$B:$B,D15,RTM!$M:$M,"<>Not Run",RTM!$M:$M,"<>") -> 1 | F15: =COUNTIFS(RTM!$B:$B,D15,RTM!$M:$M,"Pass") -> 1 | G15: =IFERROR(F15/MAX(1,E15),0) -> 1
D16: RF16 | E16: =COUNTIFS(RTM!$B:$B,D16,RTM!$M:$M,"<>Not Run",RTM!$M:$M,"<>") -> 2 | F16: =COUNTIFS(RTM!$B:$B,D16,RTM!$M:$M,"Pass") -> 2 | G16: =IFERROR(F16/MAX(1,E16),0) -> 1
D17: RF19 | E17: =COUNTIFS(RTM!$B:$B,D17,RTM!$M:$M,"<>Not Run",RTM!$M:$M,"<>") -> 1 | F17: =COUNTIFS(RTM!$B:$B,D17,RTM!$M:$M,"Pass") -> 0 | G17: =IFERROR(F17/MAX(1,E17),0) -> 0
D18: RF20 | E18: =COUNTIFS(RTM!$B:$B,D18,RTM!$M:$M,"<>Not Run",RTM!$M:$M,"<>") -> 1 | F18: =COUNTIFS(RTM!$B:$B,D18,RTM!$M:$M,"Pass") -> 1 | G18: =IFERROR(F18/MAX(1,E18),0) -> 1
D19: RNF1 | E19: =COUNTIFS(RTM!$B:$B,D19,RTM!$M:$M,"<>Not Run",RTM!$M:$M,"<>") -> 1 | F19: =COUNTIFS(RTM!$B:$B,D19,RTM!$M:$M,"Pass") -> 1 | G19: =IFERROR(F19/MAX(1,E19),0) -> 1
D20: RNF2 | E20: =COUNTIFS(RTM!$B:$B,D20,RTM!$M:$M,"<>Not Run",RTM!$M:$M,"<>") -> 1 | F20: =COUNTIFS(RTM!$B:$B,D20,RTM!$M:$M,"Pass") -> 1 | G20: =IFERROR(F20/MAX(1,E20),0) -> 1

Sheet Cómo usar
A1: Guía rápida (RTM avanzado)
A3: 1) Diligencia la hoja RTM: HU, RF/RNF, Escenario, Condición, Caso, Nivel, Tipo, Prioridad, Riesgo, Sprint.
A4: 2) Usa los desplegables (validación de datos) para Nivel/Tipo/Estado/Severidad/Prioridad/Riesgo/Sprint.
A5: 3) Registra ejecución: Estado, Resultado (en Notas), Evidencia (link/archivo), Fecha, Entorno y Versión.
A6: 4) Si un caso falla, crea un ID de defecto (p. ej., BUG-001) y asigna severidad.
A7: 5) Revisa la hoja Dashboard: métricas globales, % aprobación, defectos por severidad y cobertura por RF.
A8: 6) La columna 'Cobertura Req (%)' en RTM calcula la cobertura por requerimiento basada en la ejecución registrada.
